[
  {
    "id": 1,
    "title": "Crocodile Mess",
    "bpm": "120",
    "imgUrl": "https://images.unsplash.com/photo-1621535484902-f946de404eb4?ixlib=rb-1.2.1&ixid=MnwxMjA3fDB8MHxzZWFyY2h8M3x8cmFwcGVyfGVufDB8fDB8fA%3D%3D&auto=format&fit=crop&w=500&q=60"
  },
  {
    "id": 2,
    "title": "Monster Crush",
    "bpm": "120",
    "imgUrl": "https://images.unsplash.com/photo-1599839619722-39751411ea63?ixlib=rb-1.2.1&ixid=MnwxMjA3fDB8MHxzZWFyY2h8Nnx8cmFwcGVyfGVufDB8fDB8fA%3D%3D&auto=format&fit=crop&w=500&q=60"
  },
  {
    "id": 3,
    "title": "Roller Coaster",
    "bpm": "120",
    "imgUrl": "https://images.unsplash.com/photo-1543981281-3166a395e10c?ixlib=rb-1.2.1&ixid=MnwxMjA3fDB8MHxzZWFyY2h8MTd8fHJhcHBlcnxlbnwwfHwwfHw%3D&auto=format&fit=crop&w=500&q=60"
  },
  {
    "id": 4,
    "title": "Magic Pot",
    "bpm": "120",
    "imgUrl": "https://images.unsplash.com/photo-1543379344-402b42ddbe8a?ixlib=rb-1.2.1&ixid=MnwxMjA3fDB8MHxzZWFyY2h8MTZ8fHJhcHBlcnxlbnwwfHwwfHw%3D&auto=format&fit=crop&w=500&q=60"
  },
  {
    "id": 5,
    "title": "Revenge Knight",
    "bpm": "120",
    "imgUrl": "https://images.unsplash.com/photo-1621360359137-dfd3d5a62afe?ixlib=rb-1.2.1&ixid=MnwxMjA3fDB8MHxzZWFyY2h8MTR8fHJhcHBlcnxlbnwwfHwwfHw%3D&auto=format&fit=crop&w=500&q=60"
  },
  {
    "id": 6,
    "title": "After Creation",
    "bpm": "120",
    "imgUrl": "https://images.unsplash.com/photo-1592245757977-af178e5af7f1?ixlib=rb-1.2.1&ixid=MnwxMjA3fDB8MHxzZWFyY2h8MjB8fHJhcHBlcnxlbnwwfHwwfHw%3D&auto=format&fit=crop&w=500&q=60"
  },
  {
    "id": 9,
    "title": "Roller Coaster",
    "bpm": "120",
    "imgUrl": "https://images.unsplash.com/photo-1543981281-3166a395e10c?ixlib=rb-1.2.1&ixid=MnwxMjA3fDB8MHxzZWFyY2h8MTd8fHJhcHBlcnxlbnwwfHwwfHw%3D&auto=format&fit=crop&w=500&q=60"
  },
  {
    "id": 7,
    "title": "Crocodile Mess",
    "bpm": "120",
    "imgUrl": "https://images.unsplash.com/photo-1621535484902-f946de404eb4?ixlib=rb-1.2.1&ixid=MnwxMjA3fDB8MHxzZWFyY2h8M3x8cmFwcGVyfGVufDB8fDB8fA%3D%3D&auto=format&fit=crop&w=500&q=60"
  },
  {
    "id": 8,
    "title": "Monster Crush",
    "bpm": "120",
    "imgUrl": "https://images.unsplash.com/photo-1599839619722-39751411ea63?ixlib=rb-1.2.1&ixid=MnwxMjA3fDB8MHxzZWFyY2h8Nnx8cmFwcGVyfGVufDB8fDB8fA%3D%3D&auto=format&fit=crop&w=500&q=60"
  },
  {
    "id": 10,
    "title": "Magic Pot",
    "bpm": "120",
    "imgUrl": "https://images.unsplash.com/photo-1543379344-402b42ddbe8a?ixlib=rb-1.2.1&ixid=MnwxMjA3fDB8MHxzZWFyY2h8MTZ8fHJhcHBlcnxlbnwwfHwwfHw%3D&auto=format&fit=crop&w=500&q=60"
  },
  {
    "id": 12,
    "title": "After Creation",
    "bpm": "120",
    "imgUrl": "https://images.unsplash.com/photo-1592245757977-af178e5af7f1?ixlib=rb-1.2.1&ixid=MnwxMjA3fDB8MHxzZWFyY2h8MjB8fHJhcHBlcnxlbnwwfHwwfHw%3D&auto=format&fit=crop&w=500&q=60"
  },
  {
    "id": 11,
    "title": "Revenge Knight",
    "bpm": "120",
    "imgUrl": "https://images.unsplash.com/photo-1621360359137-dfd3d5a62afe?ixlib=rb-1.2.1&ixid=MnwxMjA3fDB8MHxzZWFyY2h8MTR8fHJhcHBlcnxlbnwwfHwwfHw%3D&auto=format&fit=crop&w=500&q=60"
  }
]